{"username": "user8", "creation_date": "2020-12-09 15:17:15.293Z", "email": "email8@gmail.com", "name": "Joao"}
{"username": "user12", "creation_date": "2020-12-09 15:17:15.361Z", "email": "email12@gmail.com", "name": "Bruno"}
{"username": "user2", "creation_date": "2020-12-09 15:17:15.270Z", "email": "email2@gmail.com", "name": "Maria"}
{"username": "user9", "creation_date": "2020-12-09 15:17:15.350Z", "email": "email9@gmail.com", "name": "Francisco"}
{"username": "user13", "creation_date": "2020-12-09 15:17:15.365Z", "email": "email13@gmail.com", "name": "Hugo"}
{"username": "user4", "creation_date": "2020-12-09 15:17:15.277Z", "email": "email4@gmail.com", "name": "Antonio"}
{"username": "user1", "creation_date": "2020-12-09 15:17:15.258Z", "email": "email1@gmail.com", "name": "Joao"}
{"username": "user10", "creation_date": "2020-12-09 15:17:15.354Z", "email": "email10@gmail.com", "name": "Leandro"}
{"username": "user7", "creation_date": "2020-12-09 15:17:15.289Z", "email": "email7@gmail.com", "name": "Tiago"}
{"username": "user3", "creation_date": "2020-12-09 15:17:15.273Z", "email": "email3@gmail.com", "name": "Marco"}
{"username": "user6", "creation_date": "2020-12-09 15:17:15.285Z", "email": "email6@gmail.com", "name": "Duarte"}
{"username": "user11", "creation_date": "2020-12-09 15:17:15.357Z", "email": "email11@gmail.com", "name": "Daniel"}
{"username": "user5", "creation_date": "2020-12-09 15:17:15.280Z", "email": "email5@gmail.com", "name": "Rodrigo"}