{"author": "user8", "creation_date": "2020-12-09 17:50:02.471Z", "videos": [8]}
{"author": "user9", "creation_date": "2020-12-09 17:50:02.474Z", "videos": [9]}
{"author": "user1", "creation_date": "2020-12-09 17:50:02.462Z", "videos": [1, 2, 3]}
{"author": "user10", "creation_date": "2020-12-09 17:50:02.477Z", "videos": [10]}
{"author": "user7", "creation_date": "2020-12-09 17:50:02.468Z", "videos": [6, 7]}
{"author": "user11", "creation_date": "2020-12-09 17:50:02.954Z", "videos": [11]}
{"author": "user5", "creation_date": "2020-12-09 17:50:02.465Z", "videos": [4, 5]}