{"author": "user8", "creation_date": "2020-12-09 17:23:22.322Z", "comment": "Not bad", "video_id": 5}
{"author": "use5", "creation_date": "2020-12-09 17:23:22.417Z", "comment": "Relaxing to Watch", "video_id": 12}
{"author": "user12", "creation_date": "2020-12-09 17:23:22.419Z", "comment": "Pretty sick", "video_id": 13}
{"author": "user2", "creation_date": "2020-12-09 17:23:22.414Z", "comment": "Amazing video", "video_id": 11}
{"author": "user9", "creation_date": "2020-12-09 17:23:22.328Z", "comment": "Pretty good", "video_id": 7}
{"author": "user4", "creation_date": "2020-12-09 17:23:22.334Z", "comment": "Funny", "video_id": 9}
{"author": "user4", "creation_date": "2020-12-09 17:23:22.312Z", "comment": "Didnt liked it much", "video_id": 2}
{"author": "user4", "creation_date": "2020-12-09 17:23:22.309Z", "comment": "Awesome Video", "video_id": 1}
{"author": "user1", "creation_date": "2020-12-09 17:23:23.094Z", "comment": "Funny to Watch", "video_id": 13}
{"author": "user1", "creation_date": "2020-12-09 17:23:22.412Z", "comment": "Not my thing", "video_id": 10}
{"author": "user7", "creation_date": "2020-12-09 17:23:22.325Z", "comment": "10/10", "video_id": 6}
{"author": "user6", "creation_date": "2020-12-09 17:23:22.331Z", "comment": "Something fun to Watch", "video_id": 8}
{"author": "user6", "creation_date": "2020-12-09 17:23:22.319Z", "comment": "Something fun to Watch", "video_id": 4}
{"author": "user11", "creation_date": "2020-12-09 17:23:22.316Z", "comment": "Cute", "video_id": 3}
{"author": "user5", "creation_date": "2020-12-09 17:42:26.428Z", "comment": "9/10", "video_id": 13}