{"video_id": 5, "creation_date": "2020-12-09 17:23:10.887Z", "author": "user8", "comment": "Not bad"}
{"video_id": 10, "creation_date": "2020-12-09 17:23:10.901Z", "author": "user1", "comment": "Not my thing"}
{"video_id": 13, "creation_date": "2020-12-09 17:42:31.203Z", "author": "user5", "comment": "9/10"}
{"video_id": 13, "creation_date": "2020-12-09 17:23:12.489Z", "author": "user1", "comment": "Funny to Watch"}
{"video_id": 13, "creation_date": "2020-12-09 17:23:10.985Z", "author": "user12", "comment": "Pretty cool"}
{"video_id": 11, "creation_date": "2020-12-09 17:23:10.904Z", "author": "user2", "comment": "Amazing video"}
{"video_id": 1, "creation_date": "2020-12-09 17:23:10.875Z", "author": "user4", "comment": "Awesome Video"}
{"video_id": 8, "creation_date": "2020-12-09 17:23:10.895Z", "author": "user6", "comment": "Something fun to Watch"}
{"video_id": 2, "creation_date": "2020-12-09 17:23:10.878Z", "author": "user4", "comment": "Didnt liked it much"}
{"video_id": 4, "creation_date": "2020-12-09 17:23:10.884Z", "author": "user6", "comment": "Something fun to Watch"}
{"video_id": 7, "creation_date": "2020-12-09 17:23:10.892Z", "author": "user9", "comment": "Pretty good"}
{"video_id": 6, "creation_date": "2020-12-09 17:23:10.890Z", "author": "user7", "comment": "10/10"}
{"video_id": 9, "creation_date": "2020-12-09 17:23:10.898Z", "author": "user4", "comment": "Funny"}
{"video_id": 12, "creation_date": "2020-12-09 17:23:10.983Z", "author": "user5", "comment": "Relaxing to Watch"}
{"video_id": 3, "creation_date": "2020-12-09 17:23:10.882Z", "author": "user11", "comment": "Cute"}