{"video_id": 1, "author": "user1", "creation_date": "2020-12-09 15:22:47.492Z", "id": 1, "moment": "2020-12-09 15:22:47.492Z", "type": "Play"}
{"video_id": 1, "author": "user1", "creation_date": "2020-12-09 15:22:47.496Z", "id": 2, "moment": "2020-12-09 15:22:47.497Z", "type": "Pause"}
{"video_id": 1, "author": "user10", "creation_date": "2020-12-09 15:22:47.614Z", "id": 13, "moment": "2020-12-09 15:22:47.614Z", "type": "Stop"}
{"video_id": 1, "author": "user2", "creation_date": "2020-12-09 15:22:47.500Z", "id": 3, "moment": "2020-12-09 15:22:47.500Z", "type": "Play"}
{"video_id": 1, "author": "user2", "creation_date": "2020-12-09 15:22:47.503Z", "id": 4, "moment": "2020-12-09 15:22:47.503Z", "type": "Play"}
{"video_id": 1, "author": "user3", "creation_date": "2020-12-09 15:22:47.507Z", "id": 5, "moment": "2020-12-09 15:22:47.507Z", "type": "Play"}
{"video_id": 1, "author": "user3", "creation_date": "2020-12-09 15:22:47.510Z", "id": 6, "moment": "2020-12-09 15:22:47.511Z", "type": "Stop"}
{"video_id": 1, "author": "user3", "creation_date": "2020-12-09 15:22:47.514Z", "id": 7, "moment": "2020-12-09 15:22:47.514Z", "type": "Play"}
{"video_id": 1, "author": "user5", "creation_date": "2020-12-09 15:22:47.592Z", "id": 8, "moment": "2020-12-09 15:22:47.592Z", "type": "Play"}
{"video_id": 1, "author": "user7", "creation_date": "2020-12-09 15:22:47.596Z", "id": 9, "moment": "2020-12-09 15:22:47.596Z", "type": "Pause"}
{"video_id": 1, "author": "user8", "creation_date": "2020-12-09 15:22:47.600Z", "id": 10, "moment": "2020-12-09 15:22:47.600Z", "type": "Play"}
{"video_id": 1, "author": "user9", "creation_date": "2020-12-09 15:22:47.603Z", "id": 11, "moment": "2020-12-09 15:22:47.603Z", "type": "Stop"}
{"video_id": 1, "author": "user9", "creation_date": "2020-12-09 15:22:47.608Z", "id": 12, "moment": "2020-12-09 15:22:47.608Z", "type": "Start"}