{"author": "user8", "video_id": 5, "comments": ["Not bad"]}
{"author": "user12", "video_id": 13, "comments": ["Pretty cool"]}
{"author": "user2", "video_id": 11, "comments": ["Amazing video"]}
{"author": "user9", "video_id": 7, "comments": ["Pretty good"]}
{"author": "user4", "video_id": 1, "comments": ["Awesome Video"]}
{"author": "user4", "video_id": 2, "comments": ["Didnt liked it much"]}
{"author": "user4", "video_id": 9, "comments": ["Funny"]}
{"author": "user1", "video_id": 10, "comments": ["Not my thing"]}
{"author": "user1", "video_id": 13, "comments": ["Pretty cool", "Funny to Watch"]}
{"author": "user7", "video_id": 6, "comments": ["10/10"]}
{"author": "user6", "video_id": 4, "comments": ["Something fun to Watch"]}
{"author": "user6", "video_id": 8, "comments": ["Something fun to Watch"]}
{"author": "user11", "video_id": 3, "comments": ["Cute"]}
{"author": "user5", "video_id": 12, "comments": ["Relaxing to Watch"]}
{"author": "user5", "video_id": 13, "comments": ["9/10"]}