{"video_id": 5, "id": 5, "value": 5}
{"video_id": 5, "id": 16, "value": 5}
{"video_id": 10, "id": 10, "value": 3}
{"video_id": 11, "id": 11, "value": 2}
{"video_id": 1, "id": 1, "value": 3}
{"video_id": 1, "id": 12, "value": 3}
{"video_id": 8, "id": 8, "value": 4}
{"video_id": 8, "id": 19, "value": 5}
{"video_id": 2, "id": 2, "value": 5}
{"video_id": 2, "id": 13, "value": 2}
{"video_id": 4, "id": 4, "value": 3}
{"video_id": 4, "id": 15, "value": 4}
{"video_id": 7, "id": 7, "value": 4}
{"video_id": 7, "id": 18, "value": 2}
{"video_id": 6, "id": 6, "value": 4}
{"video_id": 6, "id": 17, "value": 1}
{"video_id": 9, "id": 9, "value": 4}
{"video_id": 9, "id": 20, "value": 4}
{"video_id": 3, "id": 3, "value": 2}
{"video_id": 3, "id": 14, "value": 3}