{"tag": "Comedy", "num_videos": 1, "videos": [7]}
{"tag": "Travell", "num_videos": 3, "videos": [1, 3, 10]}
{"tag": "Action", "num_videos": 3, "videos": [5, 7, 10]}
{"tag": "Amazing", "num_videos": 1, "videos": [1]}
{"tag": "Dark", "num_videos": 1, "videos": [6]}
{"tag": "Universe", "num_videos": 2, "videos": [2, 8]}
{"tag": "Romance", "num_videos": 2, "videos": [9, 11]}
{"tag": "Children", "num_videos": 1, "videos": [4]}
{"tag": "Crime", "num_videos": 1, "videos": [5]}
{"tag": "Adventure", "num_videos": 1, "videos": [11]}